No,Raw_material,Mass_used,Distance_traveled,Fuel_consumption_rate,Carbon_emission_factor
1,Cement,300,150,0.4,0.9
2,Cement,320,160,0.4,0.9
3,Cement,310,155,0.4,0.9
4,Cement,305,152,0.4,0.9
5,Cement,315,158,0.4,0.9
6,Cement,290,145,0.4,0.9
7,Cement,295,147,0.4,0.9
8,Cement,285,143,0.4,0.9
9,Cement,325,162,0.4,0.9
10,Cement,300,150,0.4,0.9
11,Concrete,2200,100,0.4,0.3
12,Concrete,2250,105,0.4,0.3
13,Concrete,2150,95,0.4,0.3
14,Concrete,2300,110,0.4,0.3
15,Concrete,2100,90,0.4,0.3
16,Concrete,2350,115,0.4,0.3
17,Concrete,2200,100,0.4,0.3
18,Concrete,2400,120,0.4,0.3
19,Concrete,2000,80,0.4,0.3
20,Concrete,2250,105,0.4,0.3
21,Steel,1000,200,0.4,1.8
22,Steel,1050,210,0.4,1.8
23,Steel,950,190,0.4,1.8
24,Steel,1020,204,0.4,1.8
25,Steel,980,196,0.4,1.8
26,Steel,1010,202,0.4,1.8
27,Steel,970,194,0.4,1.8
28,Steel,1030,206,0.4,1.8
29,Steel,990,198,0.4,1.8
30,Steel,1000,200,0.4,1.8
31,Asphalt,1500,120,0.4,0.1
32,Asphalt,1550,124,0.4,0.1
33,Asphalt,1450,116,0.4,0.1
34,Asphalt,1520,122,0.4,0.1
35,Asphalt,1480,118,0.4,0.1
36,Asphalt,1510,121,0.4,0.1
37,Asphalt,1470,117,0.4,0.1
38,Asphalt,1530,123,0.4,0.1
39,Asphalt,1490,119,0.4,0.1
40,Asphalt,1500,120,0.4,0.1
41,Bricks,600,80,0.4,0.5
42,Bricks,620,82,0.4,0.5
43,Bricks,580,78,0.4,0.5
44,Bricks,610,81,0.4,0.5
45,Bricks,590,79,0.4,0.5
46,Bricks,605,80.5,0.4,0.5
47,Bricks,595,79.5,0.4,0.5
48,Bricks,615,81.5,0.4,0.5
49,Bricks,585,78.5,0.4,0.5
50,Bricks,600,80,0.4,0.5
51,Glass,400,300,0.4,0.8
52,Glass,420,310,0.4,0.8
53,Glass,380,290,0.4,0.8
54,Glass,410,305,0.4,0.8
55,Glass,390,295,0.4,0.8
56,Glass,405,302,0.4,0.8
57,Glass,395,298,0.4,0.8
58,Glass,415,307,0.4,0.8
59,Glass,385,293,0.4,0.8
60,Glass,400,300,0.4,0.8
61,Wood,800,250,0.4,0.2
62,Wood,850,255,0.4,0.2
63,Wood,750,245,0.4,0.2
64,Wood,820,252,0.4,0.2
65,Wood,780,248,0.4,0.2
66,Wood,810,251,0.4,0.2
67,Wood,790,249,0.4,0.2
68,Wood,830,253,0.4,0.2
69,Wood,770,247,0.4,0.2
70,Wood,800,250,0.4,0.2
71,Aluminium,150,500,0.4,11
72,Aluminium,160,510,0.4,11
73,Aluminium,140,490,0.4,11
74,Aluminium,155,505,0.4,11
75,Aluminium,145,495,0.4,11
76,Aluminium,152,502,0.4,11
77,Aluminium,148,498,0.4,11
78,Aluminium,158,508,0.4,11
79,Aluminium,142,492,0.4,11
80,Aluminium,150,500,0.4,11
81,Plastics,200,400,0.4,6
82,Plastics,220,410,0.4,6
83,Plastics,180,390,0.4,6
84,Plastics,210,405,0.4,6
85,Plastics,190,395,0.4,6
86,Plastics,205,402,0.4,6
87,Plastics,195,398,0.4,6
88,Plastics,215,407,0.4,6
89,Plastics,185,393,0.4,6
90,Plastics,200,400,0.4,6
91,Stone,1000,50,0.4,0.4
92,Stone,1050,55,0.4,0.4
93,Stone,950,45,0.4,0.4
94,Stone,1020,52,0.4,0.4
95,Stone,980,48,0.4,0.4
96,Stone,1010,51,0.4,0.4
97,Stone,970,47,0.4,0.4
98,Stone,1030,53,0.4,0.4
99,Stone,990,49,0.4,0.4
100,Stone,1000,50,0.4,0.4
101,Gypsum,300,150,0.4,0.5
102,Gypsum,320,155,0.4,0.5
103,Gypsum,280,145,0.4,0.5
104,Gypsum,310,152,0.4,0.5
105,Gypsum,290,148,0.4,0.5
106,Gypsum,305,151,0.4,0.5
107,Gypsum,295,149,0.4,0.5
108,Gypsum,315,154,0.4,0.5
109,Gypsum,285,146,0.4,0.5
110,Gypsum,300,150,0.4,0.5
111,Clay,400,100,0.4,0.3
112,Clay,420,105,0.4,0.3
113,Clay,380,95,0.4,0.3
114,Clay,410,102,0.4,0.3
115,Clay,390,98,0.4,0.3
116,Clay,405,101,0.4,0.3
117,Clay,395,99,0.4,0.3
118,Clay,415,104,0.4,0.3
119,Clay,385,97,0.4,0.3
120,Clay,400,100,0.4,0.3
121,Sand,2500,30,0.4,0.1
122,Sand,2600,32,0.4,0.1
123,Sand,2400,28,0.4,0.1
124,Sand,2550,31,0.4,0.1
125,Sand,2450,29,0.4,0.1
126,Sand,2520,30.5,0.4,0.1
127,Sand,2480,29.5,0.4,0.1
128,Sand,2570,31.5,0.4,0.1
129,Sand,2430,28.5,0.4,0.1
130,Sand,2500,30,0.4,0.1
131,Gravel,1500,70,0.4,0.1
132,Gravel,1550,72,0.4,0.1
133,Gravel,1450,68,0.4,0.1
134,Gravel,1520,71,0.4,0.1
135,Gravel,1480,69,0.4,0.1
136,Gravel,1510,70.5,0.4,0.1
137,Gravel,1470,69.5,0.4,0.1
138,Gravel,1530,71.5,0.4,0.1
139,Gravel,1490,69,0.4,0.1
140,Gravel,1500,70,0.4,0.1
141,Lime,200,60,0.4,0.2
142,Lime,220,62,0.4,0.2
143,Lime,180,58,0.4,0.2
144,Lime,210,61,0.4,0.2
145,Lime,190,59,0.4,0.2
146,Lime,205,60.5,0.4,0.2
147,Lime,195,59.5,0.4,0.2
148,Lime,215,61.5,0.4,0.2
149,Lime,185,58.5,0.4,0.2
150,Lime,200,60,0.4,0.2
151,Fly ash,800,150,0.4,0.1
152,Fly ash,850,155,0.4,0.1
153,Fly ash,750,145,0.4,0.1
154,Fly ash,820,152,0.4,0.1
155,Fly ash,780,148,0.4,0.1
156,Fly ash,810,151,0.4,0.1
157,Fly ash,790,149,0.4,0.1
158,Fly ash,830,154,0.4,0.1
159,Fly ash,770,147,0.4,0.1
160,Fly ash,800,150,0.4,0.1
161,Timber,500,250,0.4,0.3
162,Timber,550,255,0.4,0.3
163,Timber,450,245,0.4,0.3
164,Timber,520,252,0.4,0.3
165,Timber,480,248,0.4,0.3
166,Timber,510,251,0.4,0.3
167,Timber,490,249,0.4,0.3
168,Timber,530,253,0.4,0.3
169,Timber,470,247,0.4,0.3
170,Timber,500,250,0.4,0.3
171,Plasticizers,100,400,0.4,6
172,Plasticizers,110,410,0.4,6
173,Plasticizers,90,390,0.4,6
174,Plasticizers,105,405,0.4,6
175,Plasticizers,95,395,0.4,6
176,Plasticizers,102,402,0.4,6
177,Plasticizers,98,398,0.4,6
178,Plasticizers,108,407,0.4,6
179,Plasticizers,92,393,0.4,6
180,Plasticizers,100,400,0.4,6
181,Rubber,50,500,0.4,5
182,Rubber,55,510,0.4,5
183,Rubber,45,490,0.4,5
184,Rubber,52,505,0.4,5
185,Rubber,48,495,0.4,5
186,Rubber,51,502,0.4,5
187,Rubber,49,498,0.4,5
188,Rubber,53,508,0.4,5
189,Rubber,47,492,0.4,5
190,Rubber,50,500,0.4,5
191,Fiberglass,100,350,0.4,4
192,Fiberglass,110,355,0.4,4
193,Fiberglass,90,345,0.4,4
194,Fiberglass,105,352,0.4,4
195,Fiberglass,95,348,0.4,4
196,Fiberglass,102,351,0.4,4
197,Fiberglass,98,349,0.4,4
198,Fiberglass,108,354,0.4,4
199,Fiberglass,92,346,0.4,4
200,Fiberglass,100,350,0.4,4
201,Bitumen,500,150,0.4,3
202,Bitumen,520,155,0.4,3
203,Bitumen,480,145,0.4,3
204,Bitumen,510,152,0.4,3
205,Bitumen,490,148,0.4,3
206,Bitumen,505,151,0.4,3
207,Bitumen,495,149,0.4,3
208,Bitumen,515,154,0.4,3
209,Bitumen,485,147,0.4,3
210,Bitumen,500,150,0.4,3
211,Insulation,300,300,0.4,2
212,Insulation,320,310,0.4,2
213,Insulation,280,290,0.4,2
214,Insulation,310,305,0.4,2
215,Insulation,290,295,0.4,2
216,Insulation,305,302,0.4,2
217,Insulation,295,298,0.4,2
218,Insulation,315,307,0.4,2
219,Insulation,285,293,0.4,2
220,Insulation,300,300,0.4,2
221,Clay tiles,400,100,0.4,0.6
222,Clay tiles,420,105,0.4,0.6
223,Clay tiles,380,95,0.4,0.6
224,Clay tiles,410,102,0.4,0.6
225,Clay tiles,390,98,0.4,0.6
226,Clay tiles,405,101,0.4,0.6
227,Clay tiles,395,99,0.4,0.6
228,Clay tiles,415,104,0.4,0.6
229,Clay tiles,385,97,0.4,0.6
230,Clay tiles,400,100,0.4,0.6
231,Copper,50,400,0.4,4
232,Copper,55,410,0.4,4
233,Copper,45,390,0.4,4
234,Copper,52,405,0.4,4
235,Copper,48,395,0.4,4
236,Copper,51,402,0.4,4
237,Copper,49,398,0.4,4
238,Copper,53,407,0.4,4
239,Copper,47,393,0.4,4
240,Copper,50,400,0.4,4
241,Lead,20,500,0.4,4.5
242,Lead,22,510,0.4,4.5
243,Lead,18,490,0.4,4.5
244,Lead,21,505,0.4,4.5
245,Lead,19,495,0.4,4.5
246,Lead,20.5,502,0.4,4.5
247,Lead,19.5,498,0.4,4.5
248,Lead,21.5,508,0.4,4.5
249,Lead,18.5,492,0.4,4.5
250,Lead,20,500,0.4,4.5
251,Zinc,30,300,0.4,2.5
252,Zinc,32,310,0.4,2.5
253,Zinc,28,290,0.4,2.5
254,Zinc,31,305,0.4,2.5
255,Zinc,29,295,0.4,2.5
256,Zinc,30.5,302,0.4,2.5
257,Zinc,29.5,298,0.4,2.5
258,Zinc,31.5,307,0.4,2.5
259,Zinc,28.5,293,0.4,2.5
260,Zinc,30,300,0.4,2.5
261,Paints,100,250,0.4,5
262,Paints,110,260,0.4,5
263,Paints,90,240,0.4,5
264,Paints,105,255,0.4,5
265,Paints,95,245,0.4,5
266,Paints,102,252,0.4,5
267,Paints,98,248,0.4,5
268,Paints,108,258,0.4,5
269,Paints,92,242,0.4,5
270,Paints,100,250,0.4,5
271,Coatings,200,400,0.4,4.5
272,Coatings,220,410,0.4,4.5
273,Coatings,180,390,0.4,4.5
274,Coatings,210,405,0.4,4.5
275,Coatings,190,395,0.4,4.5
276,Coatings,205,402,0.4,4.5
277,Coatings,195,398,0.4,4.5
278,Coatings,215,407,0.4,4.5
279,Coatings,185,393,0.4,4.5
280,Coatings,200,400,0.4,4.5
281,Adhesives,150,350,0.4,3.5
282,Adhesives,160,355,0.4,3.5
283,Adhesives,140,345,0.4,3.5
284,Adhesives,155,352,0.4,3.5
285,Adhesives,145,348,0.4,3.5
286,Adhesives,152,351,0.4,3.5
287,Adhesives,148,349,0.4,3.5
288,Adhesives,158,354,0.4,3.5
289,Adhesives,142,346,0.4,3.5
290,Adhesives,150,350,0.4,3.5
291,Sealants,100,300,0.4,4
292,Sealants,110,310,0.4,4
293,Sealants,90,290,0.4,4
294,Sealants,105,305,0.4,4
295,Sealants,95,295,0.4,4
296,Sealants,102,302,0.4,4
297,Sealants,98,298,0.4,4
298,Sealants,108,307,0.4,4
299,Sealants,92,293,0.4,4
300,Sealants,100,300,0.4,4
301,Screws,50,200,0.4,3
302,Screws,55,210,0.4,3
303,Screws,45,190,0.4,3
304,Screws,52,205,0.4,3
305,Screws,48,195,0.4,3
306,Screws,51,202,0.4,3
307,Screws,49,198,0.4,3
308,Screws,53,207,0.4,3
309,Screws,47,193,0.4,3
310,Screws,50,200,0.4,3
311,Nails,100,250,0.4,2
312,Nails,110,260,0.4,2
313,Nails,90,240,0.4,2
314,Nails,105,255,0.4,2
315,Nails,95,245,0.4,2
316,Nails,102,252,0.4,2
317,Nails,98,248,0.4,2
318,Nails,108,258,0.4,2
319,Nails,92,242,0.4,2
320,Nails,100,250,0.4,2
321,Bolts,50,300,0.4,3.5
322,Bolts,55,310,0.4,3.5
323,Bolts,45,290,0.4,3.5
324,Bolts,52,305,0.4,3.5
325,Bolts,48,295,0.4,3.5
326,Bolts,51,302,0.4,3.5
327,Bolts,49,298,0.4,3.5
328,Bolts,53,307,0.4,3.5
329,Bolts,47,293,0.4,3.5
330,Bolts,50,300,0.4,3.5
331,Rivets,50,200,0.4,2.5
332,Rivets,55,210,0.4,2.5
333,Rivets,45,190,0.4,2.5
334,Rivets,52,205,0.4,2.5
335,Rivets,48,195,0.4,2.5
336,Rivets,51,202,0.4,2.5
337,Rivets,49,198,0.4,2.5
338,Rivets,53,207,0.4,2.5
339,Rivets,47,193,0.4,2.5
340,Rivets,50,200,0.4,2.5
341,Wire mesh,100,150,0.4,1.5
342,Wire mesh,110,160,0.4,1.5
343,Wire mesh,90,140,0.4,1.5
344,Wire mesh,105,155,0.4,1.5
345,Wire mesh,95,145,0.4,1.5
346,Wire mesh,102,152,0.4,1.5
347,Wire mesh,98,148,0.4,1.5
348,Wire mesh,108,157,0.4,1.5
349,Wire mesh,92,143,0.4,1.5
350,Wire mesh,100,150,0.4,1.5
351,Rebar,200,250,0.4,2
352,Rebar,220,260,0.4,2
353,Rebar,180,240,0.4,2
354,Rebar,210,255,0.4,2
355,Rebar,190,245,0.4,2
356,Rebar,205,252,0.4,2
357,Rebar,195,248,0.4,2
358,Rebar,215,258,0.4,2
359,Rebar,185,242,0.4,2
360,Rebar,200,250,0.4,2
361,Wood panels,300,200,0.4,0.4
362,Wood panels,310,210,0.4,0.4
363,Wood panels,290,190,0.4,0.4
364,Wood panels,305,205,0.4,0.4
365,Wood panels,295,195,0.4,0.4
366,Wood panels,302,202,0.4,0.4
367,Wood panels,298,198,0.4,0.4
368,Wood panels,308,208,0.4,0.4
369,Wood panels,292,192,0.4,0.4
370,Wood panels,300,200,0.4,0.4
371,MDF,200,250,0.4,0.6
372,MDF,220,260,0.4,0.6
373,MDF,180,240,0.4,0.6
374,MDF,210,255,0.4,0.6
375,MDF,190,245,0.4,0.6
376,MDF,205,252,0.4,0.6
377,MDF,195,248,0.4,0.6
378,MDF,215,258,0.4,0.6
379,MDF,185,242,0.4,0.6
380,MDF,200,250,0.4,0.6
381,Plywood,400,150,0.4,0.5
382,Plywood,420,160,0.4,0.5
383,Plywood,380,140,0.4,0.5
384,Plywood,410,155,0.4,0.5
385,Plywood,390,145,0.4,0.5
386,Plywood,405,152,0.4,0.5
387,Plywood,395,148,0.4,0.5
388,Plywood,415,157,0.4,0.5
389,Plywood,385,143,0.4,0.5
390,Plywood,400,150,0.4,0.5
391,OSB,300,300,0.4,0.4
392,OSB,320,310,0.4,0.4
393,OSB,280,290,0.4,0.4
394,OSB,310,305,0.4,0.4
395,OSB,290,295,0.4,0.4
396,OSB,305,302,0.4,0.4
397,OSB,295,298,0.4,0.4
398,OSB,315,307,0.4,0.4
399,OSB,285,293,0.4,0.4
400,OSB,300,300,0.4,0.4
401,PVC,100,350,0.4,6
402,PVC,110,360,0.4,6
403,PVC,90,340,0.4,6
404,PVC,105,355,0.4,6
405,PVC,95,345,0.4,6
406,PVC,102,352,0.4,6
407,PVC,98,348,0.4,6
408,PVC,108,358,0.4,6
409,PVC,92,342,0.4,6
410,PVC,100,350,0.4,6
411,EPDM,50,400,0.4,5.5
412,EPDM,55,410,0.4,5.5
413,EPDM,45,390,0.4,5.5
414,EPDM,52,405,0.4,5.5
415,EPDM,48,395,0.4,5.5
416,EPDM,51,402,0.4,5.5
417,EPDM,49,398,0.4,5.5
418,EPDM,53,407,0.4,5.5
419,EPDM,47,393,0.4,5.5
420,EPDM,50,400,0.4,5.5
421,TPO,100,450,0.4,5
422,TPO,110,460,0.4,5
423,TPO,90,440,0.4,5
424,TPO,105,455,0.4,5
425,TPO,95,445,0.4,5
426,TPO,102,452,0.4,5
427,TPO,98,448,0.4,5
428,TPO,108,458,0.4,5
429,TPO,92,442,0.4,5
430,TPO,100,450,0.4,5
431,SBS,150,300,0.4,4.5
432,SBS,160,310,0.4,4.5
433,SBS,140,290,0.4,4.5
434,SBS,155,305,0.4,4.5
435,SBS,145,295,0.4,4.5
436,SBS,152,302,0.4,4.5
437,SBS,148,298,0.4,4.5
438,SBS,158,307,0.4,4.5
439,SBS,142,293,0.4,4.5
440,SBS,150,300,0.4,4.5
441,EPS,100,250,0.4,4
442,EPS,110,260,0.4,4
443,EPS,90,240,0.4,4
444,EPS,105,255,0.4,4
445,EPS,95,245,0.4,4
446,EPS,102,252,0.4,4
447,EPS,98,248,0.4,4
448,EPS,108,258,0.4,4
449,EPS,92,242,0.4,4
450,EPS,100,250,0.4,4
451,XPS,200,300,0.4,3.5
452,XPS,220,310,0.4,3.5
453,XPS,180,290,0.4,3.5
454,XPS,210,305,0.4,3.5
455,XPS,190,295,0.4,3.5
456,XPS,205,302,0.4,3.5
457,XPS,195,298,0.4,3.5
458,XPS,215,307,0.4,3.5
459,XPS,185,293,0.4,3.5
460,XPS,200,300,0.4,3.5
461,PU foam,100,400,0.4,4
462,PU foam,110,410,0.4,4
463,PU foam,90,390,0.4,4
464,PU foam,105,405,0.4,4
465,PU foam,95,395,0.4,4
466,PU foam,102,402,0.4,4
467,PU foam,98,398,0.4,4
468,PU foam,108,407,0.4,4
469,PU foam,92,393,0.4,4
470,PU foam,100,400,0.4,4
471,PIR,150,350,0.4,3.5
472,PIR,160,360,0.4,3.5
473,PIR,140,340,0.4,3.5
474,PIR,155,355,0.4,3.5
475,PIR,145,345,0.4,3.5
476,PIR,152,352,0.4,3.5
477,PIR,148,348,0.4,3.5
478,PIR,158,358,0.4,3.5
479,PIR,142,342,0.4,3.5
480,PIR,150,350,0.4,3.5
481,Phenolic foam,100,450,0.4,5
482,Phenolic foam,110,460,0.4,5
483,Phenolic foam,90,440,0.4,5
484,Phenolic foam,105,455,0.4,5
485,Phenolic foam,95,445,0.4,5
486,Phenolic foam,102,452,0.4,5
487,Phenolic foam,98,448,0.4,5
488,Phenolic foam,108,458,0.4,5
489,Phenolic foam,92,442,0.4,5
490,Phenolic foam,100,450,0.4,5
491,Mineral wool,300,300,0.4,3
492,Mineral wool,320,310,0.4,3
493,Mineral wool,280,290,0.4,3
494,Mineral wool,310,305,0.4,3
495,Mineral wool,290,295,0.4,3
496,Mineral wool,305,302,0.4,3
497,Mineral wool,295,298,0.4,3
498,Mineral wool,315,307,0.4,3
499,Mineral wool,285,293,0.4,3
500,Mineral wool,300,300,0.4,3
501,Fiberglass wool,200,250,0.4,2.5
502,Fiberglass wool,210,260,0.4,2.5
503,Fiberglass wool,190,240,0.4,2.5
504,Fiberglass wool,205,255,0.4,2.5
505,Fiberglass wool,195,245,0.4,2.5
506,Fiberglass wool,202,252,0.4,2.5
507,Fiberglass wool,198,248,0.4,2.5
508,Fiberglass wool,208,258,0.4,2.5
509,Fiberglass wool,192,242,0.4,2.5
510,Fiberglass wool,200,250,0.4,2.5
511,Cellulose,300,200,0.4,1.5
512,Cellulose,320,210,0.4,1.5
513,Cellulose,280,190,0.4,1.5
514,Cellulose,310,205,0.4,1.5
515,Cellulose,290,195,0.4,1.5
516,Cellulose,305,202,0.4,1.5
517,Cellulose,295,198,0.4,1.5
518,Cellulose,315,208,0.4,1.5
519,Cellulose,285,192,0.4,1.5
520,Cellulose,300,200,0.4,1.5
521,Rock wool,200,350,0.4,3
522,Rock wool,220,360,0.4,3
523,Rock wool,180,340,0.4,3
524,Rock wool,210,355,0.4,3
525,Rock wool,190,345,0.4,3
526,Rock wool,205,352,0.4,3
527,Rock wool,195,348,0.4,3
528,Rock wool,215,358,0.4,3
529,Rock wool,185,342,0.4,3
530,Rock wool,200,350,0.4,3
531,AAC blocks,500,300,0.4,0.6
532,AAC blocks,520,310,0.4,0.6
533,AAC blocks,480,290,0.4,0.6
534,AAC blocks,510,305,0.4,0.6
535,AAC blocks,490,295,0.4,0.6
536,AAC blocks,505,302,0.4,0.6
537,AAC blocks,495,298,0.4,0.6
538,AAC blocks,515,307,0.4,0.6
539,AAC blocks,485,293,0.4,0.6
540,AAC blocks,500,300,0.4,0.6
541,UPVC,100,400,0.4,7
542,UPVC,110,410,0.4,7
543,UPVC,90,390,0.4,7
544,UPVC,105,405,0.4,7
545,UPVC,95,395,0.4,7
546,UPVC,102,402,0.4,7
547,UPVC,98,398,0.4,7
548,UPVC,108,408,0.4,7
549,UPVC,92,392,0.4,7
550,UPVC,100,400,0.4,7
551,GRC,200,350,0.4,5
552,GRC,220,360,0.4,5
553,GRC,180,340,0.4,5
554,GRC,210,355,0.4,5
555,GRC,190,345,0.4,5
556,GRC,205,352,0.4,5
557,GRC,195,348,0.4,5
558,GRC,215,358,0.4,5
559,GRC,185,342,0.4,5
560,GRC,200,350,0.4,5
561,Resins,50,450,0.4,7.5
562,Resins,55,460,0.4,7.5
563,Resins,45,440,0.4,7.5
564,Resins,52,455,0.4,7.5
565,Resins,48,445,0.4,7.5
566,Resins,51,452,0.4,7.5
567,Resins,49,448,0.4,7.5
568,Resins,53,458,0.4,7.5
569,Resins,47,442,0.4,7.5
570,Resins,50,450,0.4,7.5
571,Polycarbonate,100,500,0.4,7
572,Polycarbonate,110,510,0.4,7
573,Polycarbonate,90,490,0.4,7
574,Polycarbonate,105,505,0.4,7
575,Polycarbonate,95,495,0.4,7
576,Polycarbonate,102,502,0.4,7
577,Polycarbonate,98,498,0.4,7
578,Polycarbonate,108,508,0.4,7
579,Polycarbonate,92,492,0.4,7
580,Polycarbonate,100,500,0.4,7
581,Acrylic,100,400,0.4,6.5
582,Acrylic,110,410,0.4,6.5
583,Acrylic,90,390,0.4,6.5
584,Acrylic,105,405,0.4,6.5
585,Acrylic,95,395,0.4,6.5
586,Acrylic,102,402,0.4,6.5
587,Acrylic,98,398,0.4,6.5
588,Acrylic,108,408,0.4,6.5
589,Acrylic,92,392,0.4,6.5
590,Acrylic,100,400,0.4,6.5
591,FRP,150,350,0.4,6
592,FRP,160,360,0.4,6
593,FRP,140,340,0.4,6
594,FRP,155,355,0.4,6
595,FRP,145,345,0.4,6
596,FRP,152,352,0.4,6
597,FRP,148,348,0.4,6
598,FRP,158,358,0.4,6
599,FRP,142,342,0.4,6
600,FRP,150,350,0.4,6
601,Cement board,300,300,0.4,0.7
602,Cement board,320,310,0.4,0.7
603,Cement board,280,290,0.4,0.7
604,Cement board,310,305,0.4,0.7
605,Cement board,290,295,0.4,0.7
606,Cement board,305,302,0.4,0.7
607,Cement board,295,298,0.4,0.7
608,Cement board,315,307,0.4,0.7
609,Cement board,285,293,0.4,0.7
610,Cement board,300,300,0.4,0.7
611,Steel studs,100,200,0.4,1.8
612,Steel studs,110,210,0.4,1.8
613,Steel studs,90,190,0.4,1.8
614,Steel studs,105,205,0.4,1.8
615,Steel studs,95,195,0.4,1.8
616,Steel studs,102,202,0.4,1.8
617,Steel studs,98,198,0.4,1.8
618,Steel studs,108,208,0.4,1.8
619,Steel studs,92,192,0.4,1.8
620,Steel studs,100,200,0.4,1.8
621,Aluminum studs,50,500,0.4,11
622,Aluminum studs,55,510,0.4,11
623,Aluminum studs,45,490,0.4,11
624,Aluminum studs,52,505,0.4,11
625,Aluminum studs,48,495,0.4,11
626,Aluminum studs,51,502,0.4,11
627,Aluminum studs,49,498,0.4,11
628,Aluminum studs,53,508,0.4,11
629,Aluminum studs,47,492,0.4,11
630,Aluminum studs,50,500,0.4,11
631,Metal studs,100,300,0.4,2.5
632,Metal studs,110,310,0.4,2.5
633,Metal studs,90,290,0.4,2.5
634,Metal studs,105,305,0.4,2.5
635,Metal studs,95,295,0.4,2.5
636,Metal studs,102,302,0.4,2.5
637,Metal studs,98,298,0.4,2.5
638,Metal studs,108,308,0.4,2.5
639,Metal studs,92,292,0.4,2.5
640,Metal studs,100,300,0.4,2.5
641,Galvanized steel,100,200,0.4,1.8
642,Galvanized steel,110,210,0.4,1.8
643,Galvanized steel,90,190,0.4,1.8
644,Galvanized steel,105,205,0.4,1.8
645,Galvanized steel,95,195,0.4,1.8
646,Galvanized steel,102,202,0.4,1.8
647,Galvanized steel,98,198,0.4,1.8
648,Galvanized steel,108,208,0.4,1.8
649,Galvanized steel,92,192,0.4,1.8
650,Galvanized steel,100,200,0.4,1.8
651,Stainless steel,50,400,0.4,4
652,Stainless steel,55,410,0.4,4
653,Stainless steel,45,390,0.4,4
654,Stainless steel,52,405,0.4,4
655,Stainless steel,48,395,0.4,4
656,Stainless steel,51,402,0.4,4
657,Stainless steel,49,398,0.4,4
658,Stainless steel,53,407,0.4,4
659,Stainless steel,47,393,0.4,4
660,Stainless steel,50,400,0.4,4
661,Corrugated iron,200,300,0.4,1.5
662,Corrugated iron,220,310,0.4,1.5
663,Corrugated iron,180,290,0.4,1.5
664,Corrugated iron,210,305,0.4,1.5
665,Corrugated iron,190,295,0.4,1.5
666,Corrugated iron,205,302,0.4,1.5
667,Corrugated iron,195,298,0.4,1.5
668,Corrugated iron,215,307,0.4,1.5
669,Corrugated iron,185,293,0.4,1.5
670,Corrugated iron,200,300,0.4,1.5
671,Metal roofing,300,250,0.4,2
672,Metal roofing,320,260,0.4,2
673,Metal roofing,280,240,0.4,2
674,Metal roofing,310,255,0.4,2
675,Metal roofing,290,245,0.4,2
676,Metal roofing,305,252,0.4,2
677,Metal roofing,295,248,0.4,2
678,Metal roofing,315,258,0.4,2
679,Metal roofing,285,242,0.4,2
680,Metal roofing,300,250,0.4,2
681,Metal siding,300,300,0.4,2.5
682,Metal siding,320,310,0.4,2.5
683,Metal siding,280,290,0.4,2.5
684,Metal siding,310,305,0.4,2.5
685,Metal siding,290,295,0.4,2.5
686,Metal siding,305,302,0.4,2.5
687,Metal siding,295,298,0.4,2.5
688,Metal siding,315,307,0.4,2.5
689,Metal siding,315,307,0.4,2.5
690,Metal siding,285,293,0.4,2.5
691,Aluminum siding,150,500,0.4,11
692,Aluminum siding,165,515,0.4,11
693,Aluminum siding,135,485,0.4,11
694,Aluminum siding,155,505,0.4,11
695,Aluminum siding,145,495,0.4,11
696,Aluminum siding,152,502,0.4,11
697,Aluminum siding,148,498,0.4,11
698,Aluminum siding,158,508,0.4,11
699,Aluminum siding,142,492,0.4,11
700,Aluminum siding,150,500,0.4,11
701,Glass wool,300,350,0.4,2
702,Glass wool,320,360,0.4,2
703,Glass wool,280,340,0.4,2
704,Glass wool,310,355,0.4,2
705,Glass wool,290,345,0.4,2
706,Glass wool,305,352,0.4,2
707,Glass wool,295,348,0.4,2
708,Glass wool,315,358,0.4,2
709,Glass wool,285,342,0.4,2
710,Glass wool,300,350,0.4,2
711,Reinforced concrete,2500,150,0.4,0.3
712,Reinforced concrete,2550,155,0.4,0.3
713,Reinforced concrete,2450,145,0.4,0.3
714,Reinforced concrete,2525,152,0.4,0.3
715,Reinforced concrete,2475,147,0.4,0.3
716,Reinforced concrete,2510,151,0.4,0.3
717,Reinforced concrete,2490,149,0.4,0.3
718,Reinforced concrete,2535,153,0.4,0.3
719,Reinforced concrete,2465,146,0.4,0.3
720,Reinforced concrete,2500,150,0.4,0.3
721,Treated wood,600,200,0.4,0.3
722,Treated wood,620,210,0.4,0.3
723,Treated wood,580,190,0.4,0.3
724,Treated wood,610,205,0.4,0.3
725,Treated wood,590,195,0.4,0.3
726,Treated wood,605,202,0.4,0.3
727,Treated wood,595,198,0.4,0.3
728,Treated wood,615,208,0.4,0.3
729,Treated wood,585,192,0.4,0.3
730,Treated wood,600,200,0.4,0.3
731,Particle board,300,300,0.4,0.5
732,Particle board,320,310,0.4,0.5
733,Particle board,280,290,0.4,0.5
734,Particle board,310,305,0.4,0.5
735,Particle board,290,295,0.4,0.5
736,Particle board,305,302,0.4,0.5
737,Particle board,295,298,0.4,0.5
738,Particle board,315,307,0.4,0.5
739,Particle board,285,293,0.4,0.5
740,Particle board,300,300,0.4,0.5
741,Chipboard,400,250,0.4,0.5
742,Chipboard,420,260,0.4,0.5
743,Chipboard,380,240,0.4,0.5
744,Chipboard,410,255,0.4,0.5
745,Chipboard,390,245,0.4,0.5
746,Chipboard,405,252,0.4,0.5
747,Chipboard,395,248,0.4,0.5
748,Chipboard,415,258,0.4,0.5
749,Chipboard,385,242,0.4,0.5
750,Chipboard,400,250,0.4,0.5
751,Fiberboard,300,200,0.4,0.6
752,Fiberboard,320,210,0.4,0.6
753,Fiberboard,280,190,0.4,0.6
754,Fiberboard,310,205,0.4,0.6
755,Fiberboard,290,195,0.4,0.6
756,Fiberboard,305,202,0.4,0.6
757,Fiberboard,295,198,0.4,0.6
758,Fiberboard,315,208,0.4,0.6
759,Fiberboard,285,192,0.4,0.6
760,Fiberboard,300,200,0.4,0.6
761,Stone wool,300,150,0.4,0.3
762,Stone wool,320,160,0.4,0.3
763,Stone wool,280,140,0.4,0.3
764,Stone wool,310,155,0.4,0.3
765,Stone wool,290,145,0.4,0.3
766,Stone wool,305,152,0.4,0.3
767,Stone wool,295,148,0.4,0.3
768,Stone wool,315,158,0.4,0.3
769,Stone wool,285,142,0.4,0.3
770,Stone wool,300,150,0.4,0.3
771,AAC blocks,0.6,300,0.4,0.6
772,AAC blocks,0.63,315,0.4,0.6
773,AAC blocks,0.57,285,0.4,0.6
774,AAC blocks,0.62,310,0.4,0.6
775,AAC blocks,0.58,290,0.4,0.6
776,AAC blocks,0.605,303,0.4,0.6
777,AAC blocks,0.595,297,0.4,0.6
778,AAC blocks,0.615,308,0.4,0.6
779,AAC blocks,0.585,292,0.4,0.6
780,AAC blocks,0.6,300,0.4,0.6
781,UPVC,7,400,0.4,7
782,UPVC,7.35,420,0.4,7
783,UPVC,6.65,380,0.4,7
784,UPVC,7.15,410,0.4,7
785,UPVC,6.85,390,0.4,7
786,UPVC,7.025,405,0.4,7
787,UPVC,6.975,395,0.4,7
788,UPVC,7.175,415,0.4,7
789,UPVC,6.825,385,0.4,7
790,UPVC,7,400,0.4,7
791,GRC,5,350,0.4,5
792,GRC,5.25,367.5,0.4,5
793,GRC,4.75,332.5,0.4,5
794,GRC,5.125,358.75,0.4,5
795,GRC,4.875,341.25,0.4,5
796,GRC,5.0625,354.375,0.4,5
797,GRC,4.9375,345.625,0.4,5
798,GRC,5.1875,362.5,0.4,5
799,GRC,4.9125,343.75,0.4,5
800,GRC,5,350,0.4,5
801,Resins,7.5,450,0.4,7.5
802,Resins,8.0,460,0.4,7.5
803,Resins,7.0,440,0.4,7.5
804,Resins,7.75,455,0.4,7.5
805,Resins,7.25,445,0.4,7.5
806,Resins,7.625,452,0.4,7.5
807,Resins,7.375,448,0.4,7.5
808,Resins,7.875,458,0.4,7.5
809,Resins,7.125,442,0.4,7.5
810,Resins,7.5,450,0.4,7.5
811,Polycarbonate,7,500,0.4,7
812,Polycarbonate,7.5,510,0.4,7
813,Polycarbonate,6.5,490,0.4,7
814,Polycarbonate,7.25,505,0.4,7
815,Polycarbonate,6.75,495,0.4,7
816,Polycarbonate,7.125,502,0.4,7
817,Polycarbonate,6.875,498,0.4,7
818,Polycarbonate,7.375,508,0.4,7
819,Polycarbonate,6.625,492,0.4,7
820,Polycarbonate,7,500,0.4,7
821,Acrylic,6.5,400,0.4,6.5
822,Acrylic,6.75,420,0.4,6.5
823,Acrylic,6.25,380,0.4,6.5
824,Acrylic,6.625,410,0.4,6.5
825,Acrylic,6.375,390,0.4,6.5
826,Acrylic,6.5625,405,0.4,6.5
827,Acrylic,6.4375,395,0.4,6.5
828,Acrylic,6.6875,415,0.4,6.5
829,Acrylic,6.3125,385,0.4,6.5
830,Acrylic,6.5,400,0.4,6.5
831,FRP,150,350,0.4,6
832,FRP,160,360,0.4,6
833,FRP,140,340,0.4,6
834,FRP,155,355,0.4,6
835,FRP,145,345,0.4,6
836,FRP,152,352,0.4,6
837,FRP,148,348,0.4,6
838,FRP,158,358,0.4,6
839,FRP,142,342,0.4,6
840,FRP,150,350,0.4,6
841,Cement board,300,300,0.4,0.7
842,Cement board,320,310,0.4,0.7
843,Cement board,280,290,0.4,0.7
844,Cement board,310,305,0.4,0.7
845,Cement board,290,295,0.4,0.7
846,Cement board,305,302,0.4,0.7
847,Cement board,295,298,0.4,0.7
848,Cement board,315,307,0.4,0.7
849,Cement board,285,293,0.4,0.7
850,Cement board,300,300,0.4,0.7
851,Steel studs,100,200,0.4,1.8
852,Steel studs,110,210,0.4,1.8
853,Steel studs,90,190,0.4,1.8
854,Steel studs,105,205,0.4,1.8
855,Steel studs,95,195,0.4,1.8
856,Steel studs,102,202,0.4,1.8
857,Steel studs,98,198,0.4,1.8
858,Steel studs,108,208,0.4,1.8
859,Steel studs,92,192,0.4,1.8
860,Steel studs,100,200,0.4,1.8
861,Aluminum studs,50,500,0.4,11
862,Aluminum studs,55,510,0.4,11
863,Aluminum studs,45,490,0.4,11
864,Aluminum studs,52,505,0.4,11
865,Aluminum studs,48,495,0.4,11
866,Aluminum studs,51,502,0.4,11
867,Aluminum studs,49,498,0.4,11
868,Aluminum studs,53,508,0.4,11
869,Aluminum studs,47,492,0.4,11
870,Aluminum studs,50,500,0.4,11
871,Metal studs,100,300,0.4,2.5
872,Metal studs,105,310,0.4,2.5
873,Metal studs,95,290,0.4,2.5
874,Metal studs,102,305,0.4,2.5
875,Metal studs,98,295,0.4,2.5
876,Metal studs,101,302,0.4,2.5
877,Metal studs,99,298,0.4,2.5
878,Metal studs,103,308,0.4,2.5
879,Metal studs,97,292,0.4,2.5
880,Metal studs,100,300,0.4,2.5
881,Galvanized steel,100,200,0.4,1.8
882,Galvanized steel,105,210,0.4,1.8
883,Galvanized steel,95,190,0.4,1.8
884,Galvanized steel,102,205,0.4,1.8
885,Galvanized steel,98,195,0.4,1.8
886,Galvanized steel,101,202,0.4,1.8
887,Galvanized steel,99,198,0.4,1.8
888,Galvanized steel,103,208,0.4,1.8
889,Galvanized steel,97,192,0.4,1.8
890,Galvanized steel,100,200,0.4,1.8
891,Stainless steel,50,400,0.4,4
892,Stainless steel,55,420,0.4,4
893,Stainless steel,45,380,0.4,4
894,Stainless steel,52,410,0.4,4
895,Stainless steel,48,390,0.4,4
896,Stainless steel,51,402,0.4,4
897,Stainless steel,49,398,0.4,4
898,Stainless steel,53,408,0.4,4
899,Stainless steel,47,392,0.4,4
900,Stainless steel,50,400,0.4,4
901,Corrugated iron,200,300,0.4,1.5
902,Corrugated iron,210,310,0.4,1.5
903,Corrugated iron,190,290,0.4,1.5
904,Corrugated iron,205,305,0.4,1.5
905,Corrugated iron,195,295,0.4,1.5
906,Corrugated iron,202,302,0.4,1.5
907,Corrugated iron,198,298,0.4,1.5
908,Corrugated iron,208,308,0.4,1.5
909,Corrugated iron,192,292,0.4,1.5
910,Corrugated iron,200,300,0.4,1.5
911,Metal roofing,300,250,0.4,2
912,Metal roofing,315,260,0.4,2
913,Metal roofing,285,240,0.4,2
914,Metal roofing,310,255,0.4,2
915,Metal roofing,290,245,0.4,2
916,Metal roofing,305,252,0.4,2
917,Metal roofing,295,248,0.4,2
918,Metal roofing,315,258,0.4,2
919,Metal roofing,285,242,0.4,2
920,Metal roofing,300,250,0.4,2
921,Metal siding,300,300,0.4,2.5
922,Metal siding,315,310,0.4,2.5
923,Metal siding,285,290,0.4,2.5
924,Metal siding,310,305,0.4,2.5
925,Metal siding,290,295,0.4,2.5
926,Metal siding,305,302,0.4,2.5
927,Metal siding,295,298,0.4,2.5
928,Metal siding,315,307,0.4,2.5
929,Metal siding,285,293,0.4,2.5
930,Metal siding,300,300,0.4,2.5
931,Aluminum siding,150,500,0.4,11
932,Aluminum siding,160,510,0.4,11
933,Aluminum siding,140,490,0.4,11
934,Aluminum siding,155,505,0.4,11
935,Aluminum siding,145,495,0.4,11
936,Aluminum siding,152,502,0.4,11
937,Aluminum siding,148,498,0.4,11
938,Aluminum siding,158,508,0.4,11
939,Aluminum siding,142,492,0.4,11
940,Aluminum siding,150,500,0.4,11
941,Glass wool,300,350,0.4,2
942,Glass wool,320,360,0.4,2
943,Glass wool,280,340,0.4,2
944,Glass wool,310,355,0.4,2
945,Glass wool,290,345,0.4,2
946,Glass wool,305,352,0.4,2
947,Glass wool,295,348,0.4,2
948,Glass wool,315,358,0.4,2
949,Glass wool,285,342,0.4,2
950,Glass wool,300,350,0.4,2
951,Reinforced concrete,2500,150,0.4,0.3
952,Reinforced concrete,2550,160,0.4,0.3
953,Reinforced concrete,2450,140,0.4,0.3
954,Reinforced concrete,2525,155,0.4,0.3
955,Reinforced concrete,2475,145,0.4,0.3
956,Reinforced concrete,2510,152,0.4,0.3
957,Reinforced concrete,2490,148,0.4,0.3
958,Reinforced concrete,2540,158,0.4,0.3
959,Reinforced concrete,2460,142,0.4,0.3
960,Reinforced concrete,2500,150,0.4,0.3
961,Treated wood,600,200,0.4,0.3
962,Treated wood,630,210,0.4,0.3
963,Treated wood,570,190,0.4,0.3
964,Treated wood,615,205,0.4,0.3
965,Treated wood,585,195,0.4,0.3
966,Treated wood,605,202,0.4,0.3
967,Treated wood,595,198,0.4,0.3
968,Treated wood,625,208,0.4,0.3
969,Treated wood,575,192,0.4,0.3
970,Treated wood,600,200,0.4,0.3
971,Particle board,300,300,0.4,0.5
972,Particle board,320,310,0.4,0.5
973,Particle board,280,290,0.4,0.5
974,Particle board,310,305,0.4,0.5
975,Particle board,290,295,0.4,0.5
976,Particle board,305,302,0.4,0.5
977,Particle board,295,298,0.4,0.5
978,Particle board,315,307,0.4,0.5
979,Particle board,285,293,0.4,0.5
980,Particle board,300,300,0.4,0.5
981,Chipboard,400,250,0.4,0.5
982,Chipboard,420,260,0.4,0.5
983,Chipboard,380,240,0.4,0.5
984,Chipboard,410,255,0.4,0.5
985,Chipboard,390,245,0.4,0.5
986,Chipboard,405,252,0.4,0.5
987,Chipboard,395,248,0.4,0.5
988,Chipboard,415,258,0.4,0.5
989,Chipboard,385,242,0.4,0.5
990,Chipboard,400,250,0.4,0.5
991,Fiberboard,300,200,0.4,0.6
992,Fiberboard,320,210,0.4,0.6
993,Fiberboard,280,190,0.4,0.6
994,Fiberboard,310,205,0.4,0.6
995,Fiberboard,290,195,0.4,0.6
996,Fiberboard,305,202,0.4,0.6
997,Fiberboard,295,198,0.4,0.6
998,Fiberboard,315,208,0.4,0.6
999,Fiberboard,285,192,0.4,0.6
1000,Fiberboard,300,200,0.4,0.6